created_at,user.location,user.followers_count,user.friends_count,text
2019-02-28 06:59:05,"Weddington, NC",53,199,Trump sent letters to his schools threatening them not to release his test scores: Cohen https://t.co/QEoisGUTsr
2019-02-28 06:59:06,"Summerville, S. Carolina",2177,4406,At least the eagles are healthy ü§∑üèø‚Äç‚ôÇÔ∏è
2019-02-28 06:59:06,"Beachwood, NJ ",379,192,I love the smell of napalm (or Trump tweets) in the morning.
2019-02-28 06:59:06,NM,4268,4992,"https://t.co/eP18VsC5uA
Trump-Kim talks end 'without agreement'"
2019-02-28 06:59:06,"Toronto, Ontario",76,578,bravo!!!!TRUMP!!!AMERICA!!!SOROS BLACK MAGIC WORK!!!VERY GOOD!!!AND MY PRAERS!!!BUT I AM PRAY FOR FREE FOR TROUBLE!
2019-02-28 06:59:06,Fudge Motors Inc.,62,407,@em_gard10 @ScottPresler I agree. I'll also wait. But just to be clear. It's not the right that claimed that Cohen‚Ä¶ https://t.co/gLxht6R3pS
2019-02-28 06:59:06,"California, USA",7464,6881,"WH says no deal reached between Trump and Kim Jong Un.  Sanders says in statement: ""No agreement was reached at thi‚Ä¶ https://t.co/GD4ZTkXPsT"
2019-02-28 06:59:07,United States,28756,28907,@alicia45KAG And this... AOC basically twisted EVERYTHING to try and make Trump look bad. She needs to be held acco‚Ä¶ https://t.co/QH4npXzkj5
2019-02-28 06:59:07,,232,300,@kimhurdman @nickthetraveler @DavidNakamura @ShawnReynolds_ Trump gave it up and still didn't get invited to the prom
2019-02-28 06:59:04,"Nashville, TN",63,213,@MSNBC Trump likely will only serve one term unless he refuses to leave office and must be dragged out by force. Wh‚Ä¶ https://t.co/wf1tmE5Qp9
2019-02-28 06:59:07,,2638,2479,At some point in time this behavior will be dealt with in a not so pleasant way!!
2019-02-28 06:59:04,The White House+points afield,17632,871,Earlier from CNN -- with news the Trump-Kim summit was cut short. A reminder: Stephen Biegun and Trump's team had b‚Ä¶ https://t.co/VwwnJ2Btd5
2019-02-28 06:59:07,San Francisco,6780,6581,"@Feisty_FL WHEN President Trump wins 2nd term will Democrats continue non-stop investigations and resistance?

Demo‚Ä¶ https://t.co/ga0ljXKOw3"
2019-02-28 06:59:07,Delhi,449,1095,Somebody gonna hurt real bad...!! #Trump #Kim @CNN https://t.co/OhHfqAsX4t
2019-02-28 06:59:07,"Texas, USA",4,117,"Keep in mind every time they call #Cohen a fraud, deceptive &amp; my fav ‚Äúliar, liar, pants on fire‚Äù - this is who‚Ä¶ https://t.co/ykRttWmJ1m"
2019-02-28 06:59:08,"North Carolina, USA",5196,5391,"@ScrewedHumans Me neither, shame Trump can't stay President for 10 yrs"
2019-02-28 06:59:08,"Tokyo, Japan",30324,0,White House: No deal at Trump-Kim summit https://t.co/pI0D9hXS3q
2019-02-28 06:59:08,Eudora ks,56,129,@WhiteHouse For Trump
2019-02-28 06:59:08,Kailua Oahu Hawaii,175,766,@BBCWorld @BBCBreaking Trump didn‚Äôt want to eat Kim Chee
2019-02-28 06:59:09,Brisbane,2313,1739,So much winning. So much deal.
2019-02-28 06:59:09,"St John,New Brunswick,Canada",1253,1626,"@Kris_Sacrebleu You mean you didn't lock the door yet? Dammit, I TOLD you people to lock the damn door the moment Trump left! üôÑüòâüòÉ"
2019-02-28 06:59:09,Austin,1449,1337,It will be interesting to see how Trump twists this into a win. Maybe he'll lie.
2019-02-28 06:59:09,"Bay Area, California",1538,1457,"#PUTIN
is pulling the
#STRINGS
of
#NorthKorea
#SaudiArabia
#ISREAL
#SYRIA
#YEMEN
#Loo

APPARENTLY 
#KimJungUN
is ti‚Ä¶ https://t.co/vyJWQEG37g"
2019-02-28 06:59:09,Georgia ,769,771,"Michael Cohen is a piece of shit for helping Trump, but he does get some points for me just bc he spilling all the tea nowüíÄ"
2019-02-28 06:59:09,,540,1861,"#Trumpland #JonesTown #BatShitCrazyDC

People say this was a ‚Äòcharacter assassination‚Äô

Well, you‚Äôve got to have ch‚Ä¶ https://t.co/kp8WR1MNoy"
2019-02-28 06:59:09,"City so nice, named it twice!",2337,377,@jay6018 @RBReich @GOP What coup? Receipts? Or is ‚Äúcoup‚Äù what you call holding a president to the rule of law that‚Ä¶ https://t.co/YTUX0V8rjf
2019-02-28 06:59:09,Canada,3627,5000,"@JohnLeguizamo @elizabethw673 We need someone who can translate Trump's 
#MobLanguage 

The real "" rat ""  #45 needs to be cornered!!!"
2019-02-28 06:59:10,Singapore,88,424,shocking.
2019-02-28 06:59:10,"Prattville, Alabama",431,766,@CBSNews @AyannaPressley Cohen friends &amp; countrymen recorked their bottles &amp; called off any party because Golden Bo‚Ä¶ https://t.co/hnKi2dGfJL
2019-02-28 06:59:10,USA,876,1250,"Wait what? I see Kim but heat Putin..

https://t.co/bUKb9Q2ucM"
2019-02-28 06:59:10,,67,235,"After meetings with Kim Jong Un, is President Trump hoping for Nobel Peace Prize? - Sand Hills Express..."
2019-02-28 06:59:10,,280,1414,"@BBCLBicker @jt_mag_os Moments later, Kim makes a joke in Korean, and Trump laughs heartily. The translation follows."
2019-02-28 06:59:10,,1,149,@The_Ron_says @RepKatieHill @OversightDems @11thHour Being a gentleman is not yours! Just because you throw in a to‚Ä¶ https://t.co/x7uz3kgj5V
2019-02-28 06:59:10,,138,586,@thehill Cohen was paid to lie for Trump
2019-02-28 06:59:11,"Reno, NV",544,439,THE ART OF THE DEAL
2019-02-28 06:59:11,,67,235,"Trump, Kim to hold second nuclear summit with world watching - NBC Montana..."
2019-02-28 06:59:11,"New Jersey, USA",345,1403,"From more than 8,000 miles away, Trump responds to Cohen: ‚ÄòHe is¬†lying‚Äô https://t.co/WgPn3WlKrC"
2019-02-28 06:59:11,vermont,3169,1681,Lol. Art of the Deal
2019-02-28 06:59:11,America,5759,6016,"Sudden change in Trump-Kim summit sends Korean stocks, won lower 
#MAGA,#tcot,#pjnet,@PressSec,#QAnon,#bloomberg,‚Ä¶ https://t.co/PQuDT9ZJRA"
2019-02-28 06:59:11,Brooklyn,735,2414,"Bottom line, North Korea will have nukes unless we invade and topple the Kim regime.

We all know which option the‚Ä¶ https://t.co/HniRftmeMz"
2019-02-28 06:59:11,#MAGAbleedsRedWhiteBlue,2481,3803,"‚ÄòNo agreement was reached‚Äô between U.S. President Trump, N. Korea‚Äôs Kim at summit as talks break off early in Vietnam - White House"
2019-02-28 06:59:11,,23325,3248,#BreakingNews 'No agreement reached' in Trump-Kim summit. More follows... https://t.co/4OJttaTzWz
2019-02-28 06:59:11,,35,46,@JimCarrey @Twitter @The_Trump_Train @TrumpitC @RealCandaceO @realDonaldTrump @RealJamesWoods @SheriffClarke‚Ä¶ https://t.co/Ce9tLKkfTQ
2019-02-28 06:59:12,,1047,1966,Butt why were Kim smiling??? Why are Kim &amp; Mr Trump's butts very cute??? I don't fucking understand.
2019-02-28 06:59:12,"Cologne, Germany",802,1992,President Donald Trump announced that the US will be applying for front runner in the #ArtificialIntelligence field‚Ä¶ https://t.co/NcU1lNaBLj
2019-02-28 06:59:13,"Leimert Park, Los Angeles",10,154,Rockstar
2019-02-28 06:59:13,United States,323,1241,"üö´üö´NO DEALüö´üö´ #soMuchWinning 
Tired of winning? 
#northKorea wants no deal with trump they are very observant of the‚Ä¶ https://t.co/Ux8ifL8lDQ"
2019-02-28 06:59:13,,10,106,"Can‚Äôt you see he is uses strategy, to take your mind off of his screwups. He think he‚Äôs smart, DUH"
2019-02-28 06:59:13,London / UK,1156,3261,"Loyalty to Trump cost Michael Cohen everything. Republicans pay heed

https://t.co/AvJSWZJh27"
2019-02-28 06:59:13,"Greenock, Scotland",429,620,@MarieAnnUK @GillyHx3 I wouldn't care which side of the pond they were on. Trump and Farage could even share a cell.
2019-02-28 06:59:13,"Massachusetts, USA",106,442,"Trump, Kim downplay expectations as key talks get underway in Vietnam - The Washington Post.   Doesn‚Äôt sound as tho‚Ä¶ https://t.co/5k5GFnBb0C"
2019-02-28 06:59:14,,9,0,Why are doing anything they were comfy as They were virulently anti-Trump why yal can‚Äôt explain to a
2019-02-28 06:59:14,"Seattle, Washington",248,453,BBC News - Trump-Kim talks end 'without agreement' https://t.co/3GrXUsTGxd
2019-02-28 06:59:14,United States,481,403,"These ppl are stupid

Openly calling for the overthrow of a ‚Äúdictator‚Äù never goes badly"
2019-02-28 06:59:14,,103,219,only reason i don‚Äôt want trump for president in 2020 is bc i‚Äôm tired of everyone bitching ab that fool fr
2019-02-28 06:59:14,Australia,497,646,"Well, that was fast. Donald Trump and Kim Jong-un cut short their nuclear #summit after failing to reach an agreeme‚Ä¶ https://t.co/lTievK70Fo"
2019-02-28 06:59:14,,107,39,"@tezuma75 @free351 That is not good. No lunch, no statement. And now we wait to see what if anything Trump says in‚Ä¶ https://t.co/XGesryV94p"
2019-02-28 06:59:14,South Fla,302,646,"Trump policy on Venezuela= good

Trump policy on N Korea= https://t.co/WFYHHA2SJC"
2019-02-28 06:59:14,"San Francisco Bay Area, USA",5839,5224,"#BREAKING #BreakingNews
üí•Donald Trump, Kim Jong Un unable to strike deal, call off nuclear weapons talks early‚Ä¶ https://t.co/oLLT8gCyfE"
2019-02-28 06:59:14,,33,0,@kausmickey I also recall Cohen saying off-hand that Trump was doing some good things as president.
2019-02-28 06:59:14,Chula Vista,168,303,"Don't worry about the uptight paladin.
He's just mad
Cuz jumpers keep eluding him.

~DR"
2019-02-28 06:59:15,,1493,4986,"@realDonaldTrump @KellyannePolls 
DAMN EVEN YOUR OWN HUSBAND RECOGNIZING THE ""TRUTH"" ABOUT THIS ""CONMAN"" IN THE WHI‚Ä¶ https://t.co/kLmySpmv8e"
2019-02-28 06:59:15,,86,121,@RegeWolf sabse tezzz üèãÔ∏è... This is now being reported on CNBC
2019-02-28 06:59:15,Scottsdale AZ,39,406,"Trump you‚Äôre a selfish rude arrogant son of a bitch. I look forward seeing you get impeached 

https://t.co/UOQFaWmT4A"
2019-02-28 06:59:15,"Seattle, WA",548,545,@AP Trump: I am going to have to cut this short. I need to get home and whine about Hillary Clinton conspiracies.
2019-02-28 06:59:16,,133,355,"@GOP That historic progress, Donny the Art of the Deal Trump,  has been cut short. I believe Southern District has‚Ä¶ https://t.co/d93kSJGT6P"
2019-02-28 06:59:16,"New Hope, MN",343,166,:DT through a temper tantrum over Cohen testimony and KJU through him out
2019-02-28 06:59:16,AZ,3712,1005,Epic fail
2019-02-28 06:59:16,Wisconsin,414,756,Trump - GITMO and Military Tribunal https://t.co/YM4VbpJqaj via @YouTube
2019-02-28 06:59:16,,34,169,@Acosta Trump dropped his pants and caved on everything yet he STILL couldn't get anything done.  Not suprising.
2019-02-28 06:59:16,Worldwide,149,374,Trump did this meeting to get away from Michael Cohen testimony
2019-02-28 06:59:16,United States,504,204,"@krassenstein And even Kim Jung Un, after listening to the #Cohen testimony,  realized tRUmp can‚Äôt be trusted and a‚Ä¶ https://t.co/px4kMUa8dW"
2019-02-28 06:59:16,Northwest FL,151,46,"@realDonaldTrump So refreshing.
The White House said Thursday that the nuclear  summit between U.S. President Donal‚Ä¶ https://t.co/Zf162VIpM9"
2019-02-28 06:59:17,,30,91,@JacksonLeeTX18 @MichaelCohen212 @realDonaldTrump There wasn‚Äôt when President Trump won. Dems lost their minds!
2019-02-28 06:59:17,"Texas, USA",70,617,@GOP Donald Trump is an unconvicted felon who has consistently engaged in deceptive and misleading criminal behavior. What's your point?
2019-02-28 06:59:17,"`Los Angeles, CA",6686,6971,@sunvalleyid @june_heinz @DamnitSands @pam_brundige @fragmansixty9 @FreshPhunky @kingfish7418 @HollieWolfen‚Ä¶ https://t.co/2xbsziXPUa
2019-02-28 06:59:17,New Mexico,561,462,@PhilipRucker @Delavegalaw The meeting was nothing more than a photo op and Trump getting his latest orders from Pu‚Ä¶ https://t.co/3Jgd4ze7Mv
2019-02-28 06:59:17,"Rural N Ga Mts, US",25557,27962,"@realDonaldTrump Uh Oh! Summit ended abruptly!üò≥
https://t.co/l3X5uvKoF1"
2019-02-28 06:59:17,France,852,2606,Possibly my favorite moment
2019-02-28 06:59:18,,1197,4999,@CNN Trump / GOP ORGANIZED CRIME of destruction of US systems is heavily influenced by foreign entities. The ‚Äònorma‚Ä¶ https://t.co/1rHhHYRRZa
2019-02-28 06:59:18,,114,152,No agreement: Trump-Kim summit cut short in Hanoi https://t.co/dknNRwX6h0
2019-02-28 06:59:18,,0,4,"Hey Rep, do you realize how silly you looked today?  You should look!  You are the most unprofessional group of goo‚Ä¶ https://t.co/5GDyoBuQFQ"
2019-02-28 06:59:18,,14,62,@TheLastRefuge2 Only problem for Trump is any move he makes will tank markets. Is he willing to make that sacrifice?
2019-02-28 06:59:19,"Santa Clara, CA",47,124,We should have an Olympic sport called mental gymnastics. The American team will consist of Trump supporters trying‚Ä¶ https://t.co/4X9kop4MRR
2019-02-28 06:59:19,Parent's Basement,523,907,I wonder who dragged out a screaming 45 before he gave the west coast to Kim.
2019-02-28 06:59:19,United States,3783,4950,Pres.Trump will not let the Chairman push the US around. These so called journalist need to learn other countries c‚Ä¶ https://t.co/Y341rA2pc1
2019-02-28 06:59:19,,5881,5869,We wouldn't give a rip!
2019-02-28 06:59:19,"New Haven, CT",545,544,That's white America black and brown people. Think about it.
2019-02-28 06:59:19,"California, USA",1061,1614,"@Lrihendry @muskeeta As an atheist for Trump

That's a very nice prayer"
2019-02-28 06:59:19,"Macomb, MI",667,933,"Huh, didn't even manage a meaningless PR stunt this time.

So, pivot to completely ignoring NK, or are we back to ""‚Ä¶ https://t.co/CuNvoNJegv"
2019-02-28 06:59:19,"19.053737,72.826761",3752,500,#Trump and #KimJongUn met. Nothing came from it. Which was obvious. Lets move on.
2019-02-28 06:59:19,California ,269,361,"@JohnOSullivan36 @jackieaz0306 @tribelaw Yes. I go back &amp; forth on this as to what is worse. Any way you slice it,‚Ä¶ https://t.co/BnS5xxVswK"
2019-02-28 06:59:19,"Honolulu, Hawaii",1236,2247,@realDonaldTrump #tRump can visit 4 burial places and the #HanoiHilton to pay tribute to those who ACTUALLY served‚Ä¶ https://t.co/M2Vk86cDgI
2019-02-28 06:59:19,between the Moon and NYC,4158,3863,"Well, this makes me feel so safe &amp; secure."
2019-02-28 06:59:19,WORLD,9333,10267,"@Independent Your opinion section was terribly, terribly wrong to praise frump's nondeal in Hanoi,"
2019-02-28 06:59:20,CT,71,492,Will Kielbasa
2019-02-28 06:59:20,LA,749,985,"North Korea             Trump admin
                           
                           ü§ù
                     Great PR"
2019-02-28 06:59:20,"North Mankato, MN",35,180,@PhilipRucker Feels like this whole thing was a charade to create another shiny object to draw attention away from‚Ä¶ https://t.co/vVtuoUzqjy
2019-02-28 06:59:20,"Wellington, New Zealand",33409,302,The White House has announced no deal has been reached with North Korea after leaders Donald Trump and Kim Jong-un‚Ä¶ https://t.co/9KCZq3GgCA
2019-02-28 06:59:20,United States,984,1969,Be glad not to go.
2019-02-28 06:59:20,"Los Angeles, CA",19,72,@ScottBaio @MrsScottBaio @paulatrickey What about Comey memos? They say that Trump was paranoid of Melania finding‚Ä¶ https://t.co/N4jPX3jBtz
2019-02-28 06:59:20,,78,318,"@DemWrite So basically today in a nut shell: 
Trump failed a second time with NK, but was implicated in 5 federal crimes. MAGA! ü§™"
2019-02-28 06:59:20,"Redmond, WA",626,910,Figures
2019-02-28 06:59:20,Australia ,273,753,Suprise. It's all gone tits up for Trump. Here's hoping he hasn't started a war.
2019-02-28 06:59:21,,30,131,"Oh, them's fightin' words. üéµSeein' Trump and Michael down by the schoolyardüéµ - the remake of Paul Simon's song.‚Ä¶ https://t.co/l1Udf7XzW6"
2019-02-28 06:59:21,United States,23,1631,@TwitWhatter No agreement: Trump-Kim summit cut short in Hanoi
2019-02-28 06:59:21,,291,71,"Donald Trump is going to be like ""see, I always knew going to Vietnam was a bad idea!"" because this is a disaster f‚Ä¶ https://t.co/3UIielqLKS"
2019-02-28 06:59:21,,45,519,@HighersideChats But aren't you the same? I thought everyone alt thinking was pro Trump?????
2019-02-28 06:59:21,"Seoul, Republic of Korea",33087,1882,"No deal. No scheduled signing. No declaration. White House have called the talks constructive, but critics will cry‚Ä¶ https://t.co/wTVABmWGGa"
2019-02-28 06:59:22,"43.798138,-79.379158",104,610,@mikepillsbury Now that Trump-Kim summit ends up in mess. We can smell another disaster brewing.
2019-02-28 06:59:22,,1240,838,@realDerekHardy @HoarseWisperer @__RedLily__ I agree he‚Äôs a fraud. Did you know Cnn told it too late. They tried to‚Ä¶ https://t.co/MV9yJk8LlR
2019-02-28 06:59:22,,217,358,Unusual to say the least. Is tRUmp doing this to distract from Cohen and to begin prepping something larger as he f‚Ä¶ https://t.co/p1gYKwQ2Od
2019-02-28 06:59:22,North Texas,1569,1846,"Hmmm, seems the orange ape didn‚Äôt make a deal towards world peace like he promised earlier. Seems like he‚Äôs distrac‚Ä¶ https://t.co/9lzto5rPFc"
2019-02-28 06:59:22,,11,7,@JRhodamine @CNN It‚Äôs probably obvious I don‚Äôt like Trump. It‚Äôs got nothing to do with things not proven. I dont li‚Ä¶ https://t.co/wn9WakRAeN
2019-02-28 06:59:22,,2,23,"Buoying Trump‚Äôs ‚ÄòInflated‚Äô Wealth: $4 Billion in ‚ÄòBrand Value,‚Äô Cohen Says https://t.co/cFquH8Ecso"
2019-02-28 06:59:22,"Portland, OR",31,212,@MaraWilson You‚Äôre also required to have a Sasquatch air freshener and a bumper sticker that tells us what kind of‚Ä¶ https://t.co/xMz8NqLCpl
2019-02-28 06:59:22,Jet City,2320,3417,"So that didnt go as expected. 

Trump, Kim downplay expectations as key talks get underway in Vietnam
https://t.co/blDokW8AgN"
2019-02-28 06:59:23,,10,16,@JustInformU Cohen was begging for his life and the lives of his family.  Will the deep state kill him and pin it o‚Ä¶ https://t.co/Nmbzk4KaG2
2019-02-28 06:59:23,,27,114,Trump always be looking so sad https://t.co/UE5EN45UOm
2019-02-28 06:59:23,here,44,143,"if he knew, it wouldn't change a damned thing....
#MichaelCohenHearing"
2019-02-28 06:59:23,"Los Angeles, CA",186,163,"@ABlackAmericanM @GameEnders_ @DonaldJTrumpJr And everyone is calling for him to resign, but because America has th‚Ä¶ https://t.co/lJIApcxUxa"
2019-02-28 06:59:23,"Philadelphia & Shohola, PA.",67,238,@NBCNews Ha Ha Ha this whole thing has been nothing but another trump scam ! bone spurs in vietnam !
2019-02-28 06:59:23,Little Canada MN,778,1276,"@realDonaldTrump #ArtOfTheDeal

#TrumpFail, again.

Trump-Kim summit Ends abruptly between the two leaders. No Deal‚Ä¶ https://t.co/WblZpwKW2w"
2019-02-28 06:59:23,,260,555,@tom_mcguane @RepRoKhanna @MaddowBlog @DonaldJTrumpJr I‚Äôm still of the opinion that if trump or Brexit goes they bo‚Ä¶ https://t.co/pwLdRuVTdv
2019-02-28 06:59:24,"Wisconsin, USA",18,90,"@Jim_Jordan Mr. Jordan first, I LOVE WATCHING YOU INTERROGATE!!! LOL!! I'm SUPRISED that you all let him go on his‚Ä¶ https://t.co/O7LXtLG5zo"
2019-02-28 06:59:24,Oklahoma,1497,2133,@washingtonpost Trump will blame it on what‚Äôs going on in DC. It‚Äôs never his fault
2019-02-28 06:59:24,"Arizona, USA",89,206,@WhiteHouse TRUMP IS A FAILURE!
2019-02-28 06:59:24,,170,515,"@EvanMcMullin Man, talk about pyschologically damaged, like Stockholm Syndrome level messed up..he still calls him‚Ä¶ https://t.co/KrnmAwZEn6"
2019-02-28 06:59:24,All Around The World,1095,1261,Trump-Kim talks end &amp;#039;without agreement&amp;#039; - https://t.co/SvB5ei7O80
2019-02-28 06:59:24,"Tulsa, OK",664,706,"Man, if this guy doesn't look ""low stamina"" to you, I don't know who will.  ‚ö°Ô∏è ‚ÄúMeet the mysterious woman lurking i‚Ä¶ https://t.co/E1aCtJ0sGo"
2019-02-28 06:59:24,,1856,1511,"@Lawrence I know one. Paul Manafort. 
That's a lawyer that went to work for free in the Trump campaign. 
I'm sure i‚Ä¶ https://t.co/obJnBgi8uS"
2019-02-28 06:59:24,Missing,206,83,I wonder what #BlackTwitter would say about this...
2019-02-28 06:59:24,"Catawba, Va",63,99,I agree.
2019-02-28 06:59:24,,48,74,@CuomoPrimeTime @CNN I watched the hearing &amp; Highins is the guy who kept asking for the boxes...the boxes...where a‚Ä¶ https://t.co/gcZc9lGPod
2019-02-28 06:59:24,"East Village, San Diego",6256,2474,Trump. Cohen. üòí
2019-02-28 06:59:24,,38,506,"@DIorioNathaniel Take a 12 hour hiatus,  and your like like; WTF did aoc and or Trump say now?"
2019-02-28 06:59:25,"North Braddock, PA",198,533,"@RexHuppke Cohen's testimony has the Trump people against a wall. 

""Everything Cohen says is a lie"". Even the part‚Ä¶ https://t.co/FeKq2wb5PW"
2019-02-28 06:59:25,"Florida, USA",7205,7623,He thinks he is above the law.
2019-02-28 06:59:25,,763,0,Trump press conference: No deal reached with Kim - live updates   After his high-profile meetings with the North Ko‚Ä¶ https://t.co/w4z8yzHgQQ
2019-02-28 06:59:25,"Oregon, USA",700,2070,"Trying to interpret our President's language could shut anything down early. For the sake of the world, I hope it w‚Ä¶ https://t.co/vdv1S1XYe3"
2019-02-28 06:59:25,"Florida, USA",187,292,Biff is Trump!! #VoteBlueNoMatterWho2020 https://t.co/p0FcLB4ocE
2019-02-28 06:59:26,,676,670,‚ÄúLook at my African-American here‚Äù foh
2019-02-28 06:59:26,where eva u want me 2 b,201,552,@RevRising1 @GodnCountry_ @Neenyshor They all flipping. It‚Äôs not worth it not just Cohen anybody trying to protect‚Ä¶ https://t.co/2I5AR9tgjw
2019-02-28 06:59:26,Tier-1 Network Infrastructure.,118,471,Um...So Kim Jong Un successful again.  #NorthKorea
2019-02-28 06:59:26,,7,57,President Trump meets with Kim Jong Un https://t.co/641MXlVqgn
2019-02-28 06:59:26,"Fresno, CA",719,568,You musty
2019-02-28 06:59:27,"Cleveland, Ohio",1068,860,"Trump, Kim end second summit early with no deal https://t.co/PO3nck6VgO #summit #vietnam #trump #northkorea"
2019-02-28 06:59:26,"Raleigh, NC",3369,4565,"#CohenCongressionalHearing @HouseIntel @RepAdamSchiff 
@jahimes 
@RepTerriSewell 
@RepAndreCarson 
@RepSpeier‚Ä¶ https://t.co/pRNcDvSwmE"
2019-02-28 06:59:27,Long Beach,2347,2868,Failure...at home and abroad
2019-02-28 06:59:27,New York City via Detroit,5363,2249,@killerswan lol he wrote something about Trump deserving a Noble Peace Prize. ü§¶üèΩ‚Äç‚ôÄÔ∏è
2019-02-28 06:59:27,United States,1343,1421,I'm #DocHolliday WhenItComesTo #RaceCard PlayersLike @DonLemonüòúDesperateProvenLiarCohen WillingNow2AgreeWithAll Rad‚Ä¶ https://t.co/kzkIxG8mRk
2019-02-28 06:59:27,"Philadelphia, PA",1686,3111,@mtracey Or is it trump who rushed to make a deal to stop the Cohen narrative? Mmmm
2019-02-28 06:59:27,,66,58,@RealJack And STILL they couldn‚Äôt get him to implicate Trump with Russian collusion.
2019-02-28 06:59:27,YSSY,62239,2239,Donald Trump and Kim Jong-un cut short their nuclear summit https://t.co/cCzGqRUH1c
2019-02-28 06:59:27,,504,292,Korean Stocks Plunge After Trump-Kim Summit Collapses
2019-02-28 06:59:27,"Toronto, Ontario",77,79,Democrats- your disloyalty to your President impacted him achieving success today with Kim Jung Un - TRUMP WILL NOT‚Ä¶ https://t.co/f3QCjHvr4j
2019-02-28 06:59:28,"Texas, USA",1233,279,@SaltiAdel @johnrobertsFox @realDonaldTrump üòÇüòÇüòÇyou want to blame the Dems for Trump not being able to work a great‚Ä¶ https://t.co/pwBOyTCxUc
2019-02-28 06:59:28,"Wisconsin, USA",731,689,What a striking image!
2019-02-28 06:59:28,,1410,4388,"""We are better than this... We've got to get back to normal."" @RepCummings' closing was one of the best public stat‚Ä¶ https://t.co/n63qWLJLi5"
2019-02-28 06:59:28,Colorado,272,647,Did trump get Putin's permission to end the summit early?
2019-02-28 06:59:28,"Los Angeles, CA",440,149,"Hey, Trump voter: still holding your nose? 

Getting hard to breathe yet?"
2019-02-28 06:59:28,"Carmel, CA",3324,4917,@AP @yashar Does anyone know where Sergey Lavrov is or if he and Trump spoke?
2019-02-28 06:59:28,USA,3791,1719,"What a waste. No timeline, no progress, ZERO DENUCLEARIZATION. Trump has given KJU everything he wants. He won‚Äôt ev‚Ä¶ https://t.co/WkdPmckbw5"
2019-02-28 06:59:29,New York,36197,42,US-North Korea talks break down: Second summit between Trump and Kim Jong Un ends early https://t.co/VGfv7EkxNd
2019-02-28 06:59:29,"Third Ring of Hell, Missouri",746,1570,‚ö°Ô∏è ‚ÄúCohen says Trump 'threatened' schools to keep official grades and SAT scores secret‚Äù  Proof daddy Trump paid of‚Ä¶ https://t.co/gLJWO6CyWE
2019-02-28 06:59:29,,3,5,"@sheldoncoop69 @EllenPage There have been 349 recorded (including Jussie) ""boy who cried hate crime"" in the U.S since Trump's inauguration."
2019-02-28 06:59:29,,63,272,@KamalaHarris We're getting tired of it to be honest.  It's always something.  Not tired enough to vote Trump 2020 though.
2019-02-28 06:59:30,,49,148,Trump-Kim summit: Talks between two leaders set to end early #TrumpKimSummit https://t.co/YZf4omZGBO
2019-02-28 06:59:30,"Connecticut, USA",492,1089,@DrDenaGrayson Cohen is lying. If Trump had been doing so he would have never run for president because he knows th‚Ä¶ https://t.co/HxH8SpLW1m
2019-02-28 06:59:30,None,967,1037,@McFaul Kim Jong Un made Trump look weak and desperate at both Summits. The smirk on Un's face was and condescendin‚Ä¶ https://t.co/JavVTiaoQI
2019-02-28 06:59:30,"New Hampshire, USA",40,122,@GOP Trump is the sword you keep throwing yourself on. #winning
2019-02-28 06:59:30,,859,8579,LIVE: Trump press conference following summit with Kim Jong Un https://t.co/PYuWDUlXJ2
2019-02-28 06:59:30,,264,171,"@realDonaldTrump  What's wrong super dumbass Donald Trump üòÖ, couldn't make a deal with that fat dumbass Kim Jong UN‚Ä¶ https://t.co/zuJ1olbQZC"
2019-02-28 06:59:30,"Sapporo, Japan",973,491,@holzprueghel I'm not stupid enough to think any single factor is responsible for Trump. Nor do I think Rogan think‚Ä¶ https://t.co/my4eSqd9xK
2019-02-28 06:59:30,"Taytay, Rizal",370,398,North Korea touts for investment ahead of Trump-Kim summit https://t.co/SUDzXmQRpa via @financialtimes https://t.co/hZDV3zuC3E
2019-02-28 06:59:31,"Council Bluffs, IA",6321,6715,"@mangomusselini1 @donaldmackenz30 It‚Äôs funny, I use the ‚Äúbirds of a feather‚Äù quote quite a bit myself. It‚Äôs just so‚Ä¶ https://t.co/Nfa9QuQGz6"
2019-02-28 06:59:31,,34,60,"@AnnPicknie In a Trump building, right..."
2019-02-28 06:59:31,,1547,3981,"Trump. #CambridgeAnalytica. #WikiLeaks. The connections, explained. 

#TYTlive @cenkuygur @AnaKasparian.‚Ä¶ https://t.co/I7v00ZsqK1"
2019-02-28 06:59:31,"Buford, GA",19,145,"You cant have all the credit, Cohen.  Americas mouth breathers have been completely enthralled by contrarian trolls‚Ä¶ https://t.co/8aBhL9fuXS"
2019-02-28 06:59:32,,141,596,@williamlegate his twitter feed alone is corroboration of Cohen 's claim yesterday that Trump Snr said Jnr has the‚Ä¶ https://t.co/nXLKEiby13
2019-02-28 06:59:32,,697,504,"@christinawilkie Right. And, Trump was going to have a burger and fries, with a pizza chaser."
2019-02-28 06:59:32,#FOLLOWBACKRESISTANCE   #VetsResistSquadron #Mueller    #RussianCollusion #CorruptGOP   #RussianConspiracy  #MSNBC   #CNN #ComplicitGOP,55287,52458,"Hey @Funder, its just been announced the Kim-Trump Summit ended abruptly and the @WhiteHouse has stated no agreemen‚Ä¶ https://t.co/qdTtG0VQyP"
2019-02-28 06:59:32,,413,585,"@realDonaldTrump 
{HUGE BREAKING NOW!! - HEADLINE: TRUMP GETS NOTHING FROM N. KOREA! TRUMP LEAVES SUMMIT WITH HIS D‚Ä¶ https://t.co/4kwlC2N91z"
2019-02-28 06:59:32,,117,429,@FreeAsiaBiBi I hope that Congress and the Trump administration can do something about this situation.
2019-02-28 06:59:33,"edithvale,victoria, australia",341,869,"In a normal society, the testimony of #MichaelCohen would bring down a president. This is not normal. Without evide‚Ä¶ https://t.co/TtcCtbzr9K"
2019-02-28 06:59:33,St. Tropez,489,2288,New Jersey Senate passes bill to keep Trump off 2020 ballot unless he releases tax returns https://t.co/C76kcBaZpR
2019-02-28 06:59:33,,260283,305,US President Donald Trump and North Korean leader Kim Jong-un failed to reach an agreement at their second nuclear‚Ä¶ https://t.co/i1ChhRdY9s
2019-02-28 06:59:33,,57,111,"@BBCWorld @BBCBreaking More proof that it's impossible to tolerate Trump more than one meal at a time!

Even despic‚Ä¶ https://t.co/wdrhgqfwzu"
2019-02-28 06:59:33,Toward Heaven ,12,64,Trump is holding conference now after summit meeting https://t.co/R6db4IGPis @realDonaldTrump
2019-02-28 06:59:33,,87,207,"Trump, Kim Summit Ends With No Agreement.
https://t.co/FQ79r4w58C"
2019-02-28 06:59:33,Lost in time,119,448,@ImpPoster The entire trump family https://t.co/w7zfQ8rIu3
2019-02-28 06:59:33,,99,409,Aren't there laws against profiting from crime or did Trump change that?
2019-02-28 06:59:33,"Brooklyn, NY",90,2,Los Angeles Times - President Trump's summit with Kim Jong Un ends with no agreement Trump and Kim scrap a workin... https://t.co/f7M0qUyWHg
2019-02-28 06:59:34,US,2237,4996,The irony.
2019-02-28 06:59:34,"Eugene, OR",1628,4975,@tictoc @PressSec in their photos I saw no happy faces on those two.  At all.   Trump wanted something HE couldn't‚Ä¶ https://t.co/TwLR9TNSp2
2019-02-28 06:59:34,"New York, USA",4577,3135,"So Michael Cohen made Trump file for divorce from #KimJongUn?
It also shows that Trump wanted the Media attention a‚Ä¶ https://t.co/6YHCVNCv0E"
2019-02-28 06:59:34,,56,183,@ConfessionsExMu You just assumed Trump will lose his job.  This indicates to me your falling for the propaganda. R‚Ä¶ https://t.co/B84faMflU8
2019-02-28 06:59:34,New York City,31814,1533,President Trump and North Korea‚Äôs Kim Jong Un cut short their second day of meetings without any agreement but talk‚Ä¶ https://t.co/Ueq0Y5LD04
2019-02-28 06:59:34,"Honolulu, Hawaii",3765,3594,"Trump can try all he wants, but he is NEVER getting a Nobel. Meanwhile, he gave Kim another photo and propaganda op‚Ä¶ https://t.co/uKYsYvjK0U"
2019-02-28 06:59:34,"San Francisco, CA",208,79,The Environmental Protection Agency doesn't care about protecting the environment https://t.co/9rIx3GrBSE
